Date,Particulars,,Vch Type,Vch No.,Debit,Credit
01-04-2019,Cr,Opening Balance,,,5340488.6,
01-04-2019,Cr,Sales (MS),Sales,2,84784,
01-04-2019,Cr,Sales (MS),Sales,3,3431,
01-04-2019,Cr,Sales (MS),Sales,4,16847,
03-04-2019,Cr,Sales (MS),Sales,11,99308,
03-04-2019,Cr,Sales (MS),Sales,12,29765,
03-04-2019,Cr,Sales (MS),Sales,13,18488,
04-04-2019,Cr,Sales (MS),Sales,18,140499,
04-04-2019,Cr,Sales (MS),Sales,19,11711,
04-04-2019,Cr,Sales (MS),Sales,20,13916,
08-04-2019,Dr,Bank Kotak Mahindra,Receipt,25,,2500000
08-04-2019,Cr,Sales (MS),Sales,36,120265,
08-04-2019,Cr,Sales (MS),Sales,37,61154,
08-04-2019,Cr,Sales (MS),Sales,38,2693,
10-04-2019,Cr,Sales (MS),Sales,50,1433,
10-04-2019,Cr,Sales (MS),Sales,52,106825,
10-04-2019,Cr,Sales (MS),Sales,53,22763,
10-04-2019,Cr,Sales (MS),Sales,54,4072,
11-04-2019,Cr,Sales (MS),Sales,58,110168,
11-04-2019,Cr,Sales (MS),Sales,59,16050,
11-04-2019,Cr,Sales (MS),Sales,60,961,
13-04-2019,Cr,Sales (MS),Sales,66,23202,
14-04-2019,Cr,Sales (MS),Sales,69,92858,
14-04-2019,Cr,Sales (MS),Sales,70,2437,
14-04-2019,Cr,Sales (MS),Sales,71,1922,
17-04-2019,Cr,Sales (MS),Sales,86,64954,
17-04-2019,Cr,Sales (MS),Sales,87,3128,
17-04-2019,Cr,Sales (MS),Sales,88,117853,
17-04-2019,Cr,Sales (MS),Sales,89,15690,
18-04-2019,Cr,Sales (MS),Sales,92,35461,
21-04-2019,Cr,Sales (MS),Sales,105,80145,
21-04-2019,Cr,Sales (MS),Sales,106,36538,
21-04-2019,Cr,Sales (MS),Sales,107,835,
23-04-2019,Cr,Sales (MS),Sales,112,1381,
23-04-2019,Cr,Sales (MS),Sales,113,101482,
23-04-2019,Cr,Sales (MS),Sales,114,21275,
25-04-2019,Cr,Sales (MS),Sales,119,47633,
25-04-2019,Cr,Sales (MS),Sales,120,835,
25-04-2019,Cr,Sales (MS),Sales,122,58631,
29-04-2019,Cr,Sales (MS),Sales,130,124200,
29-04-2019,Cr,Sales (MS),Sales,131,34733,
02-05-2019,Cr,Sales (MS),Sales,141,67472,
02-05-2019,Cr,Sales (MS),Sales,143,835,
02-05-2019,Cr,Sales (MS),Sales,144,71643,
02-05-2019,Cr,Sales (MS),Sales,145,21420,
04-05-2019,Cr,Sales (MS),Sales,151,94750,
05-05-2019,Cr,Sales (MS),Sales,158,835,
05-05-2019,Cr,Sales (MS),Sales,159,150250,
05-05-2019,Cr,Sales (MS),Sales,160,65840,
07-05-2019,Cr,Sales (MS),Sales,169,94647,
07-05-2019,Cr,Sales (MS),Sales,170,57290,
08-05-2019,Dr,Bank Kotak Mahindra,Receipt,126,,2100000
09-05-2019,Cr,Sales (MS),Sales,178,82181,
09-05-2019,Cr,Sales (MS),Sales,179,6007,
09-05-2019,Cr,Sales (MS),Sales,182,79665,
09-05-2019,Cr,Sales (MS),Sales,183,24241,
11-05-2019,Cr,Sales (MS),Sales,188,35636,
12-05-2019,Cr,Sales (MS),Sales,195,546,
12-05-2019,Cr,Sales (MS),Sales,196,74424,
12-05-2019,Cr,Sales (MS),Sales,197,84082,
14-05-2019,Cr,Sales (MS),Sales,202,122500,
14-05-2019,Cr,Sales (MS),Sales,203,43213,
15-05-2019,Cr,Sales (MS),Sales,207,835,
15-05-2019,Cr,Sales (MS),Sales,208,69100,
15-05-2019,Cr,Sales (MS),Sales,209,30285,
16-05-2019,Cr,Sales (MS),Sales,213,1638,
16-05-2019,Cr,Sales (MS),Sales,214,71321,
16-05-2019,Dr,Bank Kotak Mahindra,Receipt,147,,500000
18-05-2019,Cr,Sales (MS),Sales,221,69681,
19-05-2019,Cr,Sales (MS),Sales,224,1796,
19-05-2019,Cr,Sales (MS),Sales,225,100771,
19-05-2019,Cr,Sales (MS),Sales,226,48932,
20-05-2019,Cr,Sales (MS),Sales,230,1796,
20-05-2019,Cr,Sales (MS),Sales,231,67753,
20-05-2019,Cr,Sales (MS),Sales,232,40674,
22-05-2019,Cr,Sales (MS),Sales,242,55718,
22-05-2019,Cr,Sales (MS),Sales,243,105671,
22-05-2019,Cr,Sales (MS),Sales,244,961,
23-05-2019,Cr,Sales (MS),Sales,249,27174,
23-05-2019,Cr,Sales (MS),Sales,250,288273,
23-05-2019,Cr,Sales (MS),Sales,251,59110,
25-05-2019,Cr,Sales (MS),Sales,255,40094,
26-05-2019,Cr,Sales (MS),Sales,262,3051,
26-05-2019,Cr,Sales (MS),Sales,263,86951,
26-05-2019,Cr,Sales (MS),Sales,264,27478,
28-05-2019,Cr,Sales (MS),Sales,270,1040,
28-05-2019,Cr,Sales (MS),Sales,271,105961,
28-05-2019,Cr,Sales (MS),Sales,272,52816,
29-05-2019,Dr,Bank Kotak Mahindra,Receipt,184,,900000
30-05-2019,Cr,Sales (MS),Sales,288,95570,
30-05-2019,Cr,Sales (MS),Sales,289,72336,
02-06-2019,Cr,Sales (MS),Sales,301,116223,
02-06-2019,Cr,Sales (MS),Sales,302,103501,
03-06-2019,Cr,Sales (MS),Sales,303,109251,
03-06-2019,Cr,Sales (MS),Sales,304,21555,
04-06-2019,Cr,Sales (MS),Sales,306,91580,
04-06-2019,Cr,Sales (MS),Sales,307,6693,
05-06-2019,Cr,Sales (MS),Sales,310,9468,
05-06-2019,Cr,Sales (MS),Sales,311,91722,
06-06-2019,Cr,Sales (MS),Sales,314,84579,
06-06-2019,Cr,Sales (MS),Sales,315,44824,
09-06-2019,Cr,Sales (MS),Sales,319,128317,
09-06-2019,Cr,Sales (MS),Sales,320,43716,
10-06-2019,Cr,Sales (MS),Sales,324,75453,
10-06-2019,Cr,Sales (MS),Sales,325,40595,
11-06-2019,Cr,Sales (MS),Sales,328,58240,
12-06-2019,Dr,Bank Kotak Mahindra,Receipt,216,,1100000
12-06-2019,Cr,Sales (MS),Sales,332,89815,
13-06-2019,Cr,Sales (MS),Sales,336,118574,
13-06-2019,Cr,Sales (MS),Sales,337,25432,
16-06-2019,Cr,Sales (MS),Sales,343,112289,
16-06-2019,Cr,Sales (MS),Sales,344,83941,
17-06-2019,Cr,Sales (MS),Sales,346,97434,
17-06-2019,Cr,Sales (MS),Sales,347,53312,
19-06-2019,Cr,Sales (MS),Sales,352,112010,
19-06-2019,Cr,Sales (MS),Sales,353,15892,
20-06-2019,Cr,Sales (MS),Sales,359,96897,
20-06-2019,Cr,Sales (MS),Sales,360,23057,
23-06-2019,Cr,Sales (MS),Sales,364,95587,
23-06-2019,Cr,Sales (MS),Sales,365,44998,
24-06-2019,Dr,Bank Kotak Mahindra,Receipt,239,,1500000
25-06-2019,Cr,Sales (MS),Sales,369,81965,
25-06-2019,Cr,Sales (MS),Sales,370,1498,
27-06-2019,Cr,Sales (MS),Sales,379,78161,
27-06-2019,Cr,Sales (MS),Sales,385,138460,
27-06-2019,Cr,Sales (MS),Sales,386,26902,
29-06-2019,Cr,Sales (MS),Sales,388,70038,
30-06-2019,Cr,Sales (MS),Sales,390,95516,
30-06-2019,Cr,Sales (MS),Sales,391,1793,
01-07-2019,Cr,Sales (MS),Sales,395,69315,
03-07-2019,Cr,Sales (MS),Sales,402,76506,
03-07-2019,Cr,Sales (MS),Sales,403,64673,
04-07-2019,Cr,Sales (MS),Sales,407,122145,
04-07-2019,Cr,Sales (MS),Sales,408,35244,
04-07-2019,Cr,Sales (MS),Sales,411,118711,
04-07-2019,Cr,Sales (MS),Sales,412,18335,
07-07-2019,Cr,Sales (MS),Sales,416,83727,
07-07-2019,Cr,Sales (MS),Sales,417,16890,
09-07-2019,Cr,Sales (MS),Sales,423,111775,
09-07-2019,Cr,Sales (MS),Sales,424,77706,
13059392.6,,,,,,8600000
,Dr,Closing Balance,,,,4459392.6
13059392.6,,,,,,13059392.6
